{
    "correct": 14,
    "mean bits wrong": 1.8835462479183376,
    "stdev bits wrong": 0.30700738094181584,
    "wrong": 986
}