{
    "mean distance": 83.91944684908128,
    "mean distance %": 0.7046061740312375
}