{
    "correct": 9,
    "mean bits wrong": 1.7036133172233483,
    "stdev bits wrong": 1.5484513764982286,
    "wrong": 11
}