{
    "correct": 137,
    "mean bits wrong": 0.12256517540566823,
    "stdev bits wrong": 0.3978832883033806,
    "wrong": 13
}