{
    "exactly right": 137,
    "mean distance": 0.12256517540566823,
    "mean distance %": 0.12256517540566823,
    "not exactly right": 13
}