{
    "exactly right": 112,
    "mean distance": 0.35826743580118403,
    "mean distance %": 0.35826743580118403,
    "not exactly right": 38
}