{
    "mean distance": 0.07542472332656508,
    "mean distance %": 0.07542472332656508
}