{
    "correct": 857,
    "mean bits wrong": 0.414544980188414,
    "stdev bits wrong": 1.0218377852675968,
    "wrong": 143
}