{
    "mean distance": 15.047018787197667,
    "mean distance %": 0.12490949319434742
}