{
    "correct": 111,
    "mean bits wrong": 0.36769552621700463,
    "stdev bits wrong": 0.6203224967708328,
    "wrong": 39
}