{
    "mean distance": 0.36769552621700463,
    "mean distance %": 0.36769552621700463
}